﻿{
  "Menu": [
    {
      "name": "API & SDK",
      "children": [
        {
          "name": "API Documentation",
          "children": [
            {
              "name": "FedEx API",
              "id": "p1",
              "children": [
                { "name": "GetRate", "id":"p1c1" },
                { "name": "AddressValidation","id": "p1c2" }
              ]
            },
            {
              "name": "USP",
              "id": "p2",
              "children": [
                { "name": "GetRate","id": "p2c1"  },
                { "name": "AddressValidation","id": "p2c2" }
              ]
            },
            {
              "name": "DHL",
              "id": "p3",
              "children": [
                { "name": "GetRate","id": "p3c1" },
                { "name": "AddressValidation","id": "p3c2" }
              ]
            }

          ]
        }

      ]

    }

  ]


}